id,dataset,edits,reference_characters,cer
sroie/train/X51006619783,sroie,144,571,0.2521891418563923
sroie/train/X51005441407,sroie,157,642,0.24454828660436137
sroie/train/X51006414718,sroie,192,648,0.2962962962962963
sroie/train/X51005677331,sroie,189,686,0.2755102040816326
sroie/train/X51007103578,sroie,291,815,0.3570552147239264
sroie/train/X51006555818,sroie,237,1052,0.2252851711026616
sroie/train/X51008142038,sroie,62,449,0.13808463251670378
sroie/train/X51008164420,sroie,80,611,0.1309328968903437
sroie/train/X51005447848,sroie,94,630,0.1492063492063492
sroie/train/X51006441474,sroie,215,727,0.29573590096286106
sroie/train/X51006557119,sroie,111,894,0.12416107382550336
sroie/train/X51007339167,sroie,107,827,0.1293833131801693
sroie/train/X51006557199,sroie,143,991,0.1442986881937437
sroie/train/X51007339114,sroie,73,858,0.08508158508158509
sroie/train/X51005715456,sroie,230,676,0.34023668639053256
sroie/train/X51008042783,sroie,71,601,0.11813643926788686
sroie/train/X51005705760,sroie,284,1279,0.2220484753713839
sroie/train/X51005712017,sroie,71,564,0.12588652482269502
sroie/train/X51006867436,sroie,261,729,0.35802469135802467
sroie/train/X51005757201,sroie,94,1120,0.08392857142857142
wildreceipt/train/image_files/Image_39/16/79a22d45f0b23bbcc368e61947b3060febf5764b.jpeg,wildreceipt,197,267,0.7378277153558053
wildreceipt/train/image_files/Image_90/9/7cfe5c43d164ce22e4bf8e74cd2969b1a13bf42d.jpeg,wildreceipt,283,661,0.4281391830559758
wildreceipt/train/image_files/Image_20/12/b706ef9048d86b37467e3ab17b873e300af498c8.jpeg,wildreceipt,347,441,0.7868480725623582
wildreceipt/train/image_files/Image_78/7/1ba6e2a161c3ccc234be68946c62edcc61a754ee.jpeg,wildreceipt,228,768,0.296875
wildreceipt/train/image_files/Image_42/17/16d252a777cc99f7d019f30b4124f9c9ec1e139f.jpeg,wildreceipt,106,403,0.2630272952853598
wildreceipt/train/image_files/Image_46/18/35b916cd10b9c92ba583919e3af0b998e7e458b3.jpeg,wildreceipt,495,612,0.8088235294117647
wildreceipt/train/image_files/Image_66/4/523d6153dc468920b17f659f214960f9a72fb0a3.jpeg,wildreceipt,194,282,0.6879432624113475
wildreceipt/train/image_files/Image_42/17/28282222ba1194d4d8603b0f3e8c001c40350e08.jpeg,wildreceipt,68,286,0.23776223776223776
wildreceipt/train/image_files/Image_44/17/a43f4c05e451f3a1b6d691cccea4c09d571c8726.jpeg,wildreceipt,178,219,0.8127853881278538
wildreceipt/train/image_files/Image_75/6/653e350f3e8a6e60994205c7345370b8725109d4.jpeg,wildreceipt,76,242,0.3140495867768595
wildreceipt/train/image_files/Image_64/3/cb97cb0521e05375c1dbea5e7459ca85a3c58f40.jpeg,wildreceipt,101,404,0.25
wildreceipt/train/image_files/Image_83/8/2431.jpeg,wildreceipt,144,134,1.0746268656716418
wildreceipt/train/image_files/Image_11/10/530ae179b42fa065233c19747621329b8141e6b3.jpeg,wildreceipt,222,181,1.2265193370165746
wildreceipt/train/image_files/Image_15/11/682b8c906aec81fee9bca064862e73f2a7c769eb.jpeg,wildreceipt,102,309,0.3300970873786408
wildreceipt/train/image_files/Image_20/12/c0d6d7ecf9375a2e0658118880640287340eff13.jpeg,wildreceipt,219,442,0.49547511312217196
wildreceipt/train/image_files/Image_68/5/0877edc4360d7e81bcbaa86656250ceb67943506.jpeg,wildreceipt,358,538,0.6654275092936803
wildreceipt/train/image_files/Image_32/15/262b409a49b0ef3d5a3b89beec01f78c89f1b4ad.jpeg,wildreceipt,186,366,0.5081967213114754
wildreceipt/train/image_files/Image_73/5/f74d7e85d7affffd9e7e2b9e2ad83b00cf206872.jpeg,wildreceipt,43,203,0.21182266009852216
wildreceipt/train/image_files/Image_84/8/3242ec54d007ba1597d8f240cd91513f8eb44220.jpeg,wildreceipt,81,296,0.27364864864864863
wildreceipt/train/image_files/Image_79/7/2a92c61dd5c07eccb7b8d9ec84e423c1820bab9c.jpeg,wildreceipt,396,836,0.47368421052631576
