id,dataset,ok,seconds,cache_hit
sroie/train/X51006619783,sroie,True,0.6855784609999773,False
sroie/train/X51005441407,sroie,True,0.6575677189998714,False
sroie/train/X51006414718,sroie,True,2.1839399660000254,False
sroie/train/X51005677331,sroie,True,1.0139209760000085,False
sroie/train/X51007103578,sroie,True,1.3445408449999832,False
sroie/train/X51006555818,sroie,True,0.8048678919999475,False
sroie/train/X51008142038,sroie,True,0.5933237450001343,False
sroie/train/X51008164420,sroie,True,0.8735585690001244,False
sroie/train/X51005447848,sroie,True,0.6508736590001263,False
sroie/train/X51006441474,sroie,True,0.7213274749999528,False
sroie/train/X51006557119,sroie,True,0.8557831370001168,False
sroie/train/X51007339167,sroie,True,1.0312717189999603,False
sroie/train/X51006557199,sroie,True,1.186610094000116,False
sroie/train/X51007339114,sroie,True,1.022373092999942,False
sroie/train/X51005715456,sroie,True,0.7417928849999953,False
sroie/train/X51008042783,sroie,True,0.781393898000033,False
sroie/train/X51005705760,sroie,True,1.70519612399994,False
sroie/train/X51005712017,sroie,True,0.6813510289998703,False
sroie/train/X51006867436,sroie,True,0.9034113729999262,False
sroie/train/X51005757201,sroie,True,1.2128945879999264,False
wildreceipt/train/image_files/Image_39/16/79a22d45f0b23bbcc368e61947b3060febf5764b.jpeg,wildreceipt,True,0.471034563999865,False
wildreceipt/train/image_files/Image_90/9/7cfe5c43d164ce22e4bf8e74cd2969b1a13bf42d.jpeg,wildreceipt,True,1.0786909019998348,False
wildreceipt/train/image_files/Image_20/12/b706ef9048d86b37467e3ab17b873e300af498c8.jpeg,wildreceipt,True,0.4835425259998374,False
wildreceipt/train/image_files/Image_78/7/1ba6e2a161c3ccc234be68946c62edcc61a754ee.jpeg,wildreceipt,True,1.1075762920002035,False
wildreceipt/train/image_files/Image_42/17/16d252a777cc99f7d019f30b4124f9c9ec1e139f.jpeg,wildreceipt,True,0.5276703320000706,False
wildreceipt/train/image_files/Image_46/18/35b916cd10b9c92ba583919e3af0b998e7e458b3.jpeg,wildreceipt,True,1.0200105179999355,False
wildreceipt/train/image_files/Image_66/4/523d6153dc468920b17f659f214960f9a72fb0a3.jpeg,wildreceipt,True,0.309483438000143,False
wildreceipt/train/image_files/Image_42/17/28282222ba1194d4d8603b0f3e8c001c40350e08.jpeg,wildreceipt,True,0.42493436699987797,False
wildreceipt/train/image_files/Image_44/17/a43f4c05e451f3a1b6d691cccea4c09d571c8726.jpeg,wildreceipt,True,0.37441770400005225,False
wildreceipt/train/image_files/Image_75/6/653e350f3e8a6e60994205c7345370b8725109d4.jpeg,wildreceipt,True,0.3455878509998911,False
wildreceipt/train/image_files/Image_64/3/cb97cb0521e05375c1dbea5e7459ca85a3c58f40.jpeg,wildreceipt,True,0.46640368800012766,False
wildreceipt/train/image_files/Image_83/8/2431.jpeg,wildreceipt,True,0.4095599409999977,False
wildreceipt/train/image_files/Image_11/10/530ae179b42fa065233c19747621329b8141e6b3.jpeg,wildreceipt,True,0.5008789959999831,False
wildreceipt/train/image_files/Image_15/11/682b8c906aec81fee9bca064862e73f2a7c769eb.jpeg,wildreceipt,True,0.35561805400016056,False
wildreceipt/train/image_files/Image_20/12/c0d6d7ecf9375a2e0658118880640287340eff13.jpeg,wildreceipt,True,0.6571700280001096,False
wildreceipt/train/image_files/Image_68/5/0877edc4360d7e81bcbaa86656250ceb67943506.jpeg,wildreceipt,True,0.7243448770000214,False
wildreceipt/train/image_files/Image_32/15/262b409a49b0ef3d5a3b89beec01f78c89f1b4ad.jpeg,wildreceipt,True,0.30508981799994217,False
wildreceipt/train/image_files/Image_73/5/f74d7e85d7affffd9e7e2b9e2ad83b00cf206872.jpeg,wildreceipt,True,0.42717317300002833,False
wildreceipt/train/image_files/Image_84/8/3242ec54d007ba1597d8f240cd91513f8eb44220.jpeg,wildreceipt,True,0.5573984330001167,False
wildreceipt/train/image_files/Image_79/7/2a92c61dd5c07eccb7b8d9ec84e423c1820bab9c.jpeg,wildreceipt,True,0.7105698789998769,False
