id,dataset,field,gold,predicted,gold_normalized,predicted_normalized,correct,tp,fp,fn,execution_ok
sroie/train/X51006619783,sroie,date,06/07/16,06/07/16,AMBIGUOUS:06/07/2016,AMBIGUOUS:06/07/2016,1,1,0,0,True
sroie/train/X51006619783,sroie,total,43.90,41.42,43.90,41.42,0,0,1,1,True
sroie/train/X51005441407,sroie,date,5/3/2018,,AMBIGUOUS:05/03/2018,,0,0,0,1,True
sroie/train/X51005441407,sroie,total,64.15,,64.15,,0,0,0,1,True
sroie/train/X51006414718,sroie,date,20/04/2018,20/04/2018,2018-04-20,2018-04-20,1,1,0,0,True
sroie/train/X51006414718,sroie,total,46.55,,46.55,,0,0,0,1,True
sroie/train/X51005677331,sroie,date,03/02/2018,03/02/2018,AMBIGUOUS:03/02/2018,AMBIGUOUS:03/02/2018,1,1,0,0,True
sroie/train/X51005677331,sroie,total,60.95,,60.95,,0,0,0,1,True
sroie/train/X51007103578,sroie,date,06-04-18,06-04-18,AMBIGUOUS:06/04/2018,AMBIGUOUS:06/04/2018,1,1,0,0,True
sroie/train/X51007103578,sroie,total,RM 31.20,,31.20,,0,0,0,1,True
sroie/train/X51006555818,sroie,date,24/07/2017,24/07/2017,2017-07-24,2017-07-24,1,1,0,0,True
sroie/train/X51006555818,sroie,total,27.10,,27.10,,0,0,0,1,True
sroie/train/X51008142038,sroie,date,28-01-18,28-01-18,2018-01-28,2018-01-28,1,1,0,0,True
sroie/train/X51008142038,sroie,total,27.90,27.90,27.90,27.90,1,1,0,0,True
sroie/train/X51008164420,sroie,date,03/04/18,03/04/18,AMBIGUOUS:03/04/2018,AMBIGUOUS:03/04/2018,1,1,0,0,True
sroie/train/X51008164420,sroie,total,7.30,,7.30,,0,0,0,1,True
sroie/train/X51005447848,sroie,date,06/01/18,,AMBIGUOUS:06/01/2018,,0,0,0,1,True
sroie/train/X51005447848,sroie,total,53.55,,53.55,,0,0,0,1,True
sroie/train/X51006441474,sroie,date,19/05/18,19/05/18,2018-05-19,2018-05-19,1,1,0,0,True
sroie/train/X51006441474,sroie,total,52.80,52.80,52.80,52.80,1,1,0,0,True
sroie/train/X51006557119,sroie,date,20/10/2017,20/10/2017,2017-10-20,2017-10-20,1,1,0,0,True
sroie/train/X51006557119,sroie,total,14.79,,14.79,,0,0,0,1,True
sroie/train/X51007339167,sroie,date,11/12/2017,11/12/2017,AMBIGUOUS:11/12/2017,AMBIGUOUS:11/12/2017,1,1,0,0,True
sroie/train/X51007339167,sroie,total,7.00,,7.00,,0,0,0,1,True
sroie/train/X51006557199,sroie,date,09/10/2017,09/10/2017,AMBIGUOUS:09/10/2017,AMBIGUOUS:09/10/2017,1,1,0,0,True
sroie/train/X51006557199,sroie,total,60.24,,60.24,,0,0,0,1,True
sroie/train/X51007339114,sroie,date,14/12/2017,14/12/2017,2017-12-14,2017-12-14,1,1,0,0,True
sroie/train/X51007339114,sroie,total,36.00,36.00,36.00,36.00,1,1,0,0,True
sroie/train/X51005715456,sroie,date,22/03/2018,,2018-03-22,,0,0,0,1,True
sroie/train/X51005715456,sroie,total,101.75,,101.75,,0,0,0,1,True
sroie/train/X51008042783,sroie,date,11/05/2018,11/05/2018,AMBIGUOUS:11/05/2018,AMBIGUOUS:11/05/2018,1,1,0,0,True
sroie/train/X51008042783,sroie,total,18.90,,18.90,,0,0,0,1,True
sroie/train/X51005705760,sroie,date,10/08/2017,10/08/2017,AMBIGUOUS:10/08/2017,AMBIGUOUS:10/08/2017,1,1,0,0,True
sroie/train/X51005705760,sroie,total,21.40,,21.40,,0,0,0,1,True
sroie/train/X51005712017,sroie,date,18/03/2018,18/03/2018,2018-03-18,2018-03-18,1,1,0,0,True
sroie/train/X51005712017,sroie,total,13.10,13.10,13.10,13.10,1,1,0,0,True
sroie/train/X51006867436,sroie,date,24/05/18,,2018-05-24,,0,0,0,1,True
sroie/train/X51006867436,sroie,total,4.50,,4.50,,0,0,0,1,True
sroie/train/X51005757201,sroie,date,28/02/2018,28/02/2018,2018-02-28,2018-02-28,1,1,0,0,True
sroie/train/X51005757201,sroie,total,88.95,,88.95,,0,0,0,1,True
wildreceipt/train/image_files/Image_39/16/79a22d45f0b23bbcc368e61947b3060febf5764b.jpeg,wildreceipt,date,27-Apr-2017,,RAW:27-apr-2017,,0,0,0,1,True
wildreceipt/train/image_files/Image_39/16/79a22d45f0b23bbcc368e61947b3060febf5764b.jpeg,wildreceipt,subtotal,Rs:590,,RAW:rs:590,,0,0,0,1,True
wildreceipt/train/image_files/Image_39/16/79a22d45f0b23bbcc368e61947b3060febf5764b.jpeg,wildreceipt,total,590,,590.00,,0,0,0,1,True
wildreceipt/train/image_files/Image_90/9/7cfe5c43d164ce22e4bf8e74cd2969b1a13bf42d.jpeg,wildreceipt,date,7/06/10,7/06/10,AMBIGUOUS:07/06/2010,AMBIGUOUS:07/06/2010,1,1,0,0,True
wildreceipt/train/image_files/Image_90/9/7cfe5c43d164ce22e4bf8e74cd2969b1a13bf42d.jpeg,wildreceipt,tax,.00,64,RAW:.00,64.00,0,0,1,1,True
wildreceipt/train/image_files/Image_20/12/b706ef9048d86b37467e3ab17b873e300af498c8.jpeg,wildreceipt,date,18-01-2017,10-01-2017,2017-01-18,AMBIGUOUS:10/01/2017,0,0,1,1,True
wildreceipt/train/image_files/Image_20/12/b706ef9048d86b37467e3ab17b873e300af498c8.jpeg,wildreceipt,total,20.80,20.80,20.80,20.80,1,1,0,0,True
wildreceipt/train/image_files/Image_78/7/1ba6e2a161c3ccc234be68946c62edcc61a754ee.jpeg,wildreceipt,date,06/11/2016,,AMBIGUOUS:06/11/2016,,0,0,0,1,True
wildreceipt/train/image_files/Image_78/7/1ba6e2a161c3ccc234be68946c62edcc61a754ee.jpeg,wildreceipt,subtotal,$68.04,$68.04,68.04,68.04,1,1,0,0,True
wildreceipt/train/image_files/Image_78/7/1ba6e2a161c3ccc234be68946c62edcc61a754ee.jpeg,wildreceipt,tax,$0.00,$0.00,0.00,0.00,1,1,0,0,True
wildreceipt/train/image_files/Image_78/7/1ba6e2a161c3ccc234be68946c62edcc61a754ee.jpeg,wildreceipt,total,$68.04,$68.04,68.04,68.04,1,1,0,0,True
wildreceipt/train/image_files/Image_42/17/16d252a777cc99f7d019f30b4124f9c9ec1e139f.jpeg,wildreceipt,date,2017-07-16,2017-07-16,2017-07-16,2017-07-16,1,1,0,0,True
wildreceipt/train/image_files/Image_42/17/16d252a777cc99f7d019f30b4124f9c9ec1e139f.jpeg,wildreceipt,subtotal,$11.11,$1111,11.11,1111.00,0,0,1,1,True
wildreceipt/train/image_files/Image_42/17/16d252a777cc99f7d019f30b4124f9c9ec1e139f.jpeg,wildreceipt,total,$11.11,$11.11,11.11,11.11,1,1,0,0,True
wildreceipt/train/image_files/Image_46/18/35b916cd10b9c92ba583919e3af0b998e7e458b3.jpeg,wildreceipt,date,07/22/16,07/22/16,2016-07-22,2016-07-22,1,1,0,0,True
wildreceipt/train/image_files/Image_46/18/35b916cd10b9c92ba583919e3af0b998e7e458b3.jpeg,wildreceipt,subtotal,12.58,,12.58,,0,0,0,1,True
wildreceipt/train/image_files/Image_46/18/35b916cd10b9c92ba583919e3af0b998e7e458b3.jpeg,wildreceipt,total,12.58,,12.58,,0,0,0,1,True
wildreceipt/train/image_files/Image_66/4/523d6153dc468920b17f659f214960f9a72fb0a3.jpeg,wildreceipt,date,06/16/15,,2015-06-16,,0,0,0,1,True
wildreceipt/train/image_files/Image_66/4/523d6153dc468920b17f659f214960f9a72fb0a3.jpeg,wildreceipt,total,25.00,$ 25.88,25.00,25.88,0,0,1,1,True
wildreceipt/train/image_files/Image_42/17/28282222ba1194d4d8603b0f3e8c001c40350e08.jpeg,wildreceipt,date,Apr04’14,,RAW:apr0414,,0,0,0,1,True
wildreceipt/train/image_files/Image_42/17/28282222ba1194d4d8603b0f3e8c001c40350e08.jpeg,wildreceipt,subtotal,29.95,,29.95,,0,0,0,1,True
wildreceipt/train/image_files/Image_42/17/28282222ba1194d4d8603b0f3e8c001c40350e08.jpeg,wildreceipt,tax,2.43,,2.43,,0,0,0,1,True
wildreceipt/train/image_files/Image_42/17/28282222ba1194d4d8603b0f3e8c001c40350e08.jpeg,wildreceipt,total,32.38,,32.38,,0,0,0,1,True
wildreceipt/train/image_files/Image_44/17/a43f4c05e451f3a1b6d691cccea4c09d571c8726.jpeg,wildreceipt,subtotal,16.30,,16.30,,0,0,0,1,True
wildreceipt/train/image_files/Image_44/17/a43f4c05e451f3a1b6d691cccea4c09d571c8726.jpeg,wildreceipt,tax,1.18,,1.18,,0,0,0,1,True
wildreceipt/train/image_files/Image_44/17/a43f4c05e451f3a1b6d691cccea4c09d571c8726.jpeg,wildreceipt,total,$17.48,,17.48,,0,0,0,1,True
wildreceipt/train/image_files/Image_75/6/653e350f3e8a6e60994205c7345370b8725109d4.jpeg,wildreceipt,date,24/08/2017,24/08/2017,2017-08-24,2017-08-24,1,1,0,0,True
wildreceipt/train/image_files/Image_75/6/653e350f3e8a6e60994205c7345370b8725109d4.jpeg,wildreceipt,subtotal,148.00,,148.00,,0,0,0,1,True
wildreceipt/train/image_files/Image_75/6/653e350f3e8a6e60994205c7345370b8725109d4.jpeg,wildreceipt,tax,24.67,,24.67,,0,0,0,1,True
wildreceipt/train/image_files/Image_75/6/653e350f3e8a6e60994205c7345370b8725109d4.jpeg,wildreceipt,total,148.00,,148.00,,0,0,0,1,True
wildreceipt/train/image_files/Image_64/3/cb97cb0521e05375c1dbea5e7459ca85a3c58f40.jpeg,wildreceipt,date,Oct.25'15(Sun),,RAW:oct.25'15(sun),,0,0,0,1,True
wildreceipt/train/image_files/Image_64/3/cb97cb0521e05375c1dbea5e7459ca85a3c58f40.jpeg,wildreceipt,subtotal,6.99,,6.99,,0,0,0,1,True
wildreceipt/train/image_files/Image_64/3/cb97cb0521e05375c1dbea5e7459ca85a3c58f40.jpeg,wildreceipt,tax,0.70,0.70,0.70,0.70,1,1,0,0,True
wildreceipt/train/image_files/Image_83/8/2431.jpeg,wildreceipt,tax,$0.18,,0.18,,0,0,0,1,True
wildreceipt/train/image_files/Image_83/8/2431.jpeg,wildreceipt,total,$2.18,,2.18,,0,0,0,1,True
wildreceipt/train/image_files/Image_11/10/530ae179b42fa065233c19747621329b8141e6b3.jpeg,wildreceipt,date,1/24/2013,1/24/2013,2013-01-24,2013-01-24,1,1,0,0,True
wildreceipt/train/image_files/Image_11/10/530ae179b42fa065233c19747621329b8141e6b3.jpeg,wildreceipt,subtotal,195.82,195.82,195.82,195.82,1,1,0,0,True
wildreceipt/train/image_files/Image_11/10/530ae179b42fa065233c19747621329b8141e6b3.jpeg,wildreceipt,tax,10.79,10.79,10.79,10.79,1,1,0,0,True
wildreceipt/train/image_files/Image_11/10/530ae179b42fa065233c19747621329b8141e6b3.jpeg,wildreceipt,total,206.61,,206.61,,0,0,0,1,True
wildreceipt/train/image_files/Image_15/11/682b8c906aec81fee9bca064862e73f2a7c769eb.jpeg,wildreceipt,date,11Oct2018,,RAW:11oct2018,,0,0,0,1,True
wildreceipt/train/image_files/Image_15/11/682b8c906aec81fee9bca064862e73f2a7c769eb.jpeg,wildreceipt,tax,£3.51,,3.51,,0,0,0,1,True
wildreceipt/train/image_files/Image_15/11/682b8c906aec81fee9bca064862e73f2a7c769eb.jpeg,wildreceipt,total,£21.08,,21.08,,0,0,0,1,True
wildreceipt/train/image_files/Image_20/12/c0d6d7ecf9375a2e0658118880640287340eff13.jpeg,wildreceipt,subtotal,"212,80",,212.80,,0,0,0,1,True
wildreceipt/train/image_files/Image_20/12/c0d6d7ecf9375a2e0658118880640287340eff13.jpeg,wildreceipt,tax,"53,20",,53.20,,0,0,0,1,True
wildreceipt/train/image_files/Image_20/12/c0d6d7ecf9375a2e0658118880640287340eff13.jpeg,wildreceipt,total,"266,00",,266.00,,0,0,0,1,True
wildreceipt/train/image_files/Image_68/5/0877edc4360d7e81bcbaa86656250ceb67943506.jpeg,wildreceipt,date,10/16/2015,10/16/2015,2015-10-16,2015-10-16,1,1,0,0,True
wildreceipt/train/image_files/Image_68/5/0877edc4360d7e81bcbaa86656250ceb67943506.jpeg,wildreceipt,subtotal,Php267.86,0.00,RAW:php267.86,0.00,0,0,1,1,True
wildreceipt/train/image_files/Image_68/5/0877edc4360d7e81bcbaa86656250ceb67943506.jpeg,wildreceipt,tax,Php32.14,0.00,RAW:php32.14,0.00,0,0,1,1,True
wildreceipt/train/image_files/Image_68/5/0877edc4360d7e81bcbaa86656250ceb67943506.jpeg,wildreceipt,total,Php300.00,,RAW:php300.00,,0,0,0,1,True
wildreceipt/train/image_files/Image_32/15/262b409a49b0ef3d5a3b89beec01f78c89f1b4ad.jpeg,wildreceipt,date,"Nov15,2016,",,"RAW:nov15,2016,",,0,0,0,1,True
wildreceipt/train/image_files/Image_32/15/262b409a49b0ef3d5a3b89beec01f78c89f1b4ad.jpeg,wildreceipt,subtotal,13.00,,13.00,,0,0,0,1,True
wildreceipt/train/image_files/Image_32/15/262b409a49b0ef3d5a3b89beec01f78c89f1b4ad.jpeg,wildreceipt,tax,0.78,078,0.78,78.00,0,0,1,1,True
wildreceipt/train/image_files/Image_32/15/262b409a49b0ef3d5a3b89beec01f78c89f1b4ad.jpeg,wildreceipt,total,13.78,19.78,13.78,19.78,0,0,1,1,True
wildreceipt/train/image_files/Image_73/5/f74d7e85d7affffd9e7e2b9e2ad83b00cf206872.jpeg,wildreceipt,date,May21'15,,RAW:may21'15,,0,0,0,1,True
wildreceipt/train/image_files/Image_73/5/f74d7e85d7affffd9e7e2b9e2ad83b00cf206872.jpeg,wildreceipt,subtotal,60.00,,60.00,,0,0,0,1,True
wildreceipt/train/image_files/Image_73/5/f74d7e85d7affffd9e7e2b9e2ad83b00cf206872.jpeg,wildreceipt,total,48.29,,48.29,,0,0,0,1,True
wildreceipt/train/image_files/Image_84/8/3242ec54d007ba1597d8f240cd91513f8eb44220.jpeg,wildreceipt,date,04/06/2015Mon,04/06/2015,AMBIGUOUS:04/06/2015,AMBIGUOUS:04/06/2015,1,1,0,0,True
wildreceipt/train/image_files/Image_84/8/3242ec54d007ba1597d8f240cd91513f8eb44220.jpeg,wildreceipt,subtotal,35.00,35.00,35.00,35.00,1,1,0,0,True
wildreceipt/train/image_files/Image_84/8/3242ec54d007ba1597d8f240cd91513f8eb44220.jpeg,wildreceipt,tax,0.00,2,0.00,2.00,0,0,1,1,True
wildreceipt/train/image_files/Image_84/8/3242ec54d007ba1597d8f240cd91513f8eb44220.jpeg,wildreceipt,total,35.00,,35.00,,0,0,0,1,True
wildreceipt/train/image_files/Image_79/7/2a92c61dd5c07eccb7b8d9ec84e423c1820bab9c.jpeg,wildreceipt,subtotal,36.49,,36.49,,0,0,0,1,True
wildreceipt/train/image_files/Image_79/7/2a92c61dd5c07eccb7b8d9ec84e423c1820bab9c.jpeg,wildreceipt,tax,2.19,318,2.19,318.00,0,0,1,1,True
wildreceipt/train/image_files/Image_79/7/2a92c61dd5c07eccb7b8d9ec84e423c1820bab9c.jpeg,wildreceipt,total,$38.68,,38.68,,0,0,0,1,True
