dataset,field,support,exact_match,precision,recall,f1,tp,fp,fn
sroie,tax_id,0,,,,,0,0,0
sroie,date,20,0.8,1.0,0.8,0.8888888888888888,16,0,4
sroie,document_number,0,,,,,0,0,0
sroie,subtotal,0,,,,,0,0,0
sroie,tax,0,,,,,0,0,0
sroie,total,20,0.2,0.8,0.2,0.32,4,1,16
wildreceipt,tax_id,0,,,,,0,0,0
wildreceipt,date,16,0.4375,0.875,0.4375,0.5833333333333334,7,1,9
wildreceipt,document_number,0,,,,,0,0,0
wildreceipt,subtotal,15,0.2,0.6,0.2,0.3,3,2,12
wildreceipt,tax,14,0.21428571428571427,0.375,0.21428571428571427,0.2727272727272727,3,5,11
wildreceipt,total,18,0.16666666666666666,0.6,0.16666666666666666,0.2608695652173913,3,2,15
ALL,tax_id,0,,,,,0,0,0
ALL,date,36,0.6388888888888888,0.9583333333333334,0.6388888888888888,0.7666666666666667,23,1,13
ALL,document_number,0,,,,,0,0,0
ALL,subtotal,15,0.2,0.6,0.2,0.3,3,2,12
ALL,tax,14,0.21428571428571427,0.375,0.21428571428571427,0.2727272727272727,3,5,11
ALL,total,38,0.18421052631578946,0.7,0.18421052631578946,0.2916666666666667,7,3,31
