id,dataset,source_split,split,sha256
sroie/train/X51006619783,sroie,train,validation,43ecb98f63a6bfd0ccd5cc5ba8a21d0bbf670ada466fc3303c2171844c8b4bb3
sroie/train/X51005441407,sroie,train,validation,39edcda02069bde170f8b72072a91accc41749e5793b10ef422ffa64d49981f4
sroie/train/X51006414718,sroie,train,validation,43f9a87f125b57a0b6fd36854f61457b3bbd75548c4b7a394265b8a73e826b69
sroie/train/X51005677331,sroie,train,validation,eed7673d19f6ebb7cb8eb998241cfdae13899f620b19e207c527735a921089d6
sroie/train/X51007103578,sroie,train,validation,8d3bbc3d3c3544229c0f1dd7c5dcf0952760c4571c0a473ef98d52db9b1aebb5
sroie/train/X51006555818,sroie,train,validation,f1651ef90e0cc59c37babe004532a3aff100731b081311629de510183df2e711
sroie/train/X51008142038,sroie,train,validation,e008cba939fd03693d27ec45fa3d79786201d19c59a7c00131c8e1001904ea7a
sroie/train/X51008164420,sroie,train,validation,3c4c60d98d2618c6a1e1af6ee3c0ee8db865433cda808776d08d95b5ac179281
sroie/train/X51005447848,sroie,train,validation,641053b399f7ef09b0dedf9f0458a64c360849d64a4875e0c07d5b18f80a52b5
sroie/train/X51006441474,sroie,train,validation,7c8e3bd007bebbf37ac99191a997fb49d5da55161f4902b9f2df0856b9d7d877
sroie/train/X51006557119,sroie,train,validation,3bd27b6089fa8d70b47c96c1a7fc95c78e7e3d7b9291815e284a287debaef72f
sroie/train/X51007339167,sroie,train,validation,e699bafb9e57001d546f294d2c9401a0873f2d50663321b27168c9b2b15bea8d
sroie/train/X51006557199,sroie,train,validation,99474cac38251eb059a91f3402f5b045f497cb32824be645a29235abc9991851
sroie/train/X51007339114,sroie,train,validation,031b3f266d9fc2e542daa99f45c604d5d63053d1433bea544122f87ff996332e
sroie/train/X51005715456,sroie,train,validation,93670cd0072b5cfab3253b154639b96f4a09fbfba52c8258809d95ed6c0af2c3
sroie/train/X51008042783,sroie,train,validation,17462e8b5979d37c0786228d97a8241c0fbdb7327e3435be58e09d8c48fa7fbe
sroie/train/X51005705760,sroie,train,validation,f2305a2a2058688e1a6761f2797f812333e958867f833a246526f66d150a88ab
sroie/train/X51005712017,sroie,train,validation,655296cd77073aaa1161dbbf27b38e1df9cefd24a0aea539c893a88ea48ee9f2
sroie/train/X51006867436,sroie,train,validation,b43fa6e1efb3635ca8ebf7a5de0bde5bab75ee24009ecffa3f4169b9e4e29387
sroie/train/X51005757201,sroie,train,validation,820ea503a3fe84b8c391298b9658ae5815bc94ea49a602080dc905cc5a28455c
wildreceipt/train/image_files/Image_39/16/79a22d45f0b23bbcc368e61947b3060febf5764b.jpeg,wildreceipt,train,validation,9e11acb3d7d3c514a36d7392e57587b158ded2a700a23f272aceddc125a2b66d
wildreceipt/train/image_files/Image_90/9/7cfe5c43d164ce22e4bf8e74cd2969b1a13bf42d.jpeg,wildreceipt,train,validation,1a74f46557c123bde6bf731e529e7019b6a2394db873c3d096a0fc34e769ed27
wildreceipt/train/image_files/Image_20/12/b706ef9048d86b37467e3ab17b873e300af498c8.jpeg,wildreceipt,train,validation,10c8b7821e1408c12995db3842d47059d763fe73babd36e7eaaf1b00fdbe50ad
wildreceipt/train/image_files/Image_78/7/1ba6e2a161c3ccc234be68946c62edcc61a754ee.jpeg,wildreceipt,train,validation,fb1505fdac8ab951acbcc382fdf5205d7ae57c7111bbff4ccb6beb8f6465ecf6
wildreceipt/train/image_files/Image_42/17/16d252a777cc99f7d019f30b4124f9c9ec1e139f.jpeg,wildreceipt,train,validation,c64b3d16b61ac4f1403e387dad69c56ae430d3627c5e92ff91527c9f20212c79
wildreceipt/train/image_files/Image_46/18/35b916cd10b9c92ba583919e3af0b998e7e458b3.jpeg,wildreceipt,train,validation,454134fbee060e30efeadfade0548241d5b5dacb791ce7d7db11d048583fe91b
wildreceipt/train/image_files/Image_66/4/523d6153dc468920b17f659f214960f9a72fb0a3.jpeg,wildreceipt,train,validation,46b76e9f3e3413ee0397d6060586dd6efe7b5fc6f0eec5cb65b33a2b00fb3e70
wildreceipt/train/image_files/Image_42/17/28282222ba1194d4d8603b0f3e8c001c40350e08.jpeg,wildreceipt,train,validation,81b511a61a5c638fbd4feea0190412119515ffcfadd42f7afa0169bdcc4fa92c
wildreceipt/train/image_files/Image_44/17/a43f4c05e451f3a1b6d691cccea4c09d571c8726.jpeg,wildreceipt,train,validation,eda83ea620c46e110d5519ba42892ec909856f3fbe23a9209a607001c8ddfbb6
wildreceipt/train/image_files/Image_75/6/653e350f3e8a6e60994205c7345370b8725109d4.jpeg,wildreceipt,train,validation,e37b4b808eed13cce9fd8760bc9fcac33ab948adcaf9055760ecbb2f58718ec0
wildreceipt/train/image_files/Image_64/3/cb97cb0521e05375c1dbea5e7459ca85a3c58f40.jpeg,wildreceipt,train,validation,5093369a920b980d74a56958e09fdc5ca2ce21af89ee0e7a5397ff46bb04faff
wildreceipt/train/image_files/Image_83/8/2431.jpeg,wildreceipt,train,validation,23ef0d0031ad5c74e61c1d0fcb7130212e0bbffdeb5650eaaff684747a7ae65f
wildreceipt/train/image_files/Image_11/10/530ae179b42fa065233c19747621329b8141e6b3.jpeg,wildreceipt,train,validation,9efaf0e25faa552de9454a471a9348455cba1325df67e1f1b0d71e824415cf47
wildreceipt/train/image_files/Image_15/11/682b8c906aec81fee9bca064862e73f2a7c769eb.jpeg,wildreceipt,train,validation,e7e1523405df1251ade9beaa530f14d11c6a2d52eace21c0988dad741c69e5f4
wildreceipt/train/image_files/Image_20/12/c0d6d7ecf9375a2e0658118880640287340eff13.jpeg,wildreceipt,train,validation,94f5f920ab8fff57ded24367a28479a95d4a6d0dd70b33ab95a9d79554ef0db3
wildreceipt/train/image_files/Image_68/5/0877edc4360d7e81bcbaa86656250ceb67943506.jpeg,wildreceipt,train,validation,62e4fa8ab780891f7ef9e3b5f4b9fa7a8840ae8a479d4469171d018354dd4ca2
wildreceipt/train/image_files/Image_32/15/262b409a49b0ef3d5a3b89beec01f78c89f1b4ad.jpeg,wildreceipt,train,validation,1950b3be91958fe8aa983d09b296a426beae22748919430c2371a3e619506b98
wildreceipt/train/image_files/Image_73/5/f74d7e85d7affffd9e7e2b9e2ad83b00cf206872.jpeg,wildreceipt,train,validation,ba52f0b9fa5e6cfd7bbc22f7b9aa6c9f4277c21233e17f23459f13b608e0fa43
wildreceipt/train/image_files/Image_84/8/3242ec54d007ba1597d8f240cd91513f8eb44220.jpeg,wildreceipt,train,validation,a6f71afe2fb3c01f45d9ef99600f59bd2ac0f0aad7df47ad618877f15e89932d
wildreceipt/train/image_files/Image_79/7/2a92c61dd5c07eccb7b8d9ec84e423c1820bab9c.jpeg,wildreceipt,train,validation,636a7beb8dcc6e81fb43f720a7a80e720aca8a8cc8d545a680b06c746e674359
