dataset,field,documents,annotated,unannotated,ambiguous,coverage
sroie,tax_id,614,0,614,0,0.0
sroie,date,614,614,0,0,1.0
sroie,document_number,614,0,614,0,0.0
sroie,subtotal,614,0,614,0,0.0
sroie,tax,614,0,614,0,0.0
sroie,total,614,613,1,0,0.998371335504886
wildreceipt,tax_id,1267,0,1267,0,0.0
wildreceipt,date,1267,1025,195,47,0.8089976322020521
wildreceipt,document_number,1267,0,1267,0,0.0
wildreceipt,subtotal,1267,876,374,17,0.691397000789266
wildreceipt,tax,1267,764,414,89,0.6029992107340174
wildreceipt,total,1267,1057,149,61,0.8342541436464088
