id,dataset,split,issue
sroie/train/X51005301659,sroie,quarantine,duplicate_image_hash
sroie/train/X51005303661,sroie,quarantine,duplicate_image_hash
sroie/train/X51005453729,sroie,quarantine,duplicate_in_official_test
sroie/train/X51005453729,sroie,quarantine,duplicate_image_hash
sroie/train/X51005568881,sroie,quarantine,duplicate_in_official_test
sroie/train/X51005568881,sroie,quarantine,duplicate_image_hash
sroie/train/X51006008095,sroie,quarantine,duplicate_in_official_test
sroie/train/X51006008095,sroie,quarantine,duplicate_image_hash
sroie/train/X51006328913,sroie,quarantine,duplicate_in_official_test
sroie/train/X51006328913,sroie,quarantine,duplicate_image_hash
sroie/train/X51006329399,sroie,quarantine,duplicate_in_official_test
sroie/train/X51006329399,sroie,quarantine,duplicate_image_hash
sroie/train/X51006332575,sroie,quarantine,duplicate_in_official_test
sroie/train/X51006332575,sroie,quarantine,duplicate_image_hash
sroie/train/X51007135037,sroie,quarantine,duplicate_image_hash
sroie/train/X51007135247,sroie,quarantine,duplicate_in_official_test
sroie/train/X51007135247,sroie,quarantine,duplicate_image_hash
sroie/train/X51009453801,sroie,quarantine,duplicate_image_hash
sroie/train/X51009453804,sroie,quarantine,duplicate_image_hash
sroie/test/X51005301666,sroie,quarantine,duplicate_image_hash
sroie/test/X51005684949,sroie,quarantine,duplicate_image_hash
sroie/test/X51006008092,sroie,test,invalid_box
sroie/test/X51006328967,sroie,test,invalid_box_line
sroie/test/X51006619503,sroie,test,encoding_fallback_cp1252
sroie/test/X51009447842,sroie,quarantine,duplicate_image_hash
wildreceipt/train/image_files/Image_62/3/3845.jpeg,wildreceipt,train,annotation_dimensions_mismatch
wildreceipt/train/image_files/Image_62/3/43b2d91a8890d532f45970813720e7d8779e1ee3.jpeg,wildreceipt,train,annotation_dimensions_mismatch
wildreceipt/train/image_files/Image_19/12/4008.jpeg,wildreceipt,train,annotation_dimensions_mismatch
wildreceipt/train/image_files/Image_14/11/3972ed7028c3bda73c85ae719a3558ef9aa863e2.jpeg,wildreceipt,validation,invalid_box
wildreceipt/train/image_files/Image_76/6/8a9553d144a873c47aabe1b8e685ec0673768618.jpeg,wildreceipt,train,annotation_dimensions_mismatch
wildreceipt/train/image_files/Image_49/19/2949.jpeg,wildreceipt,validation,annotation_dimensions_mismatch
wildreceipt/train/image_files/Image_22/13/2009919dd1534713536fbd1ab82a8128fa7dd986.jpeg,wildreceipt,validation,annotation_dimensions_mismatch
wildreceipt/train/image_files/Image_43/17/990.jpeg,wildreceipt,train,annotation_dimensions_mismatch
wildreceipt/train/image_files/Image_60/20/e410ab0cf95a1dd4121eb60ff2ac16ecb19693d6.jpeg,wildreceipt,train,annotation_dimensions_mismatch
wildreceipt/train/image_files/Image_19/12/6a04d01795598db29fdfc9c29be1d86e8269bb11.jpeg,wildreceipt,validation,annotation_dimensions_mismatch
wildreceipt/train/image_files/Image_76/6/819a724c7a241efc6ad025ac2430a5833056c761.jpeg,wildreceipt,train,annotation_dimensions_mismatch
wildreceipt/train/image_files/Image_52/19/8f4600e1f4ad7565604b1813b7139b61f5e75e13.jpeg,wildreceipt,train,annotation_dimensions_mismatch
wildreceipt/train/image_files/Image_59/20/a1c43f6c632841c318af73fd876e24d49f022074.jpeg,wildreceipt,train,annotation_dimensions_mismatch
wildreceipt/train/image_files/Image_62/3/3078.jpeg,wildreceipt,train,annotation_dimensions_mismatch
wildreceipt/train/image_files/Image_43/17/598aa4b8f621027f7c4045bc13b053675e701135.jpeg,wildreceipt,train,annotation_dimensions_mismatch
wildreceipt/train/image_files/Image_56/2/ee02c9e40dcd5f6c091546fd62851edd50d9f312.jpeg,wildreceipt,validation,annotation_dimensions_mismatch
wildreceipt/train/image_files/Image_46/18/3925c8adb2cf39858ddf23c647d037aa63828ad4.jpeg,wildreceipt,train,annotation_dimensions_mismatch
